K,Reconstruction_Error,Pseudo_R2
2,0.34191733277461583,0.9637048955709093
3,0.2406468243126857,0.9820209770778351
4,0.1866588325254231,0.9891830977113982
5,0.14432366912906544,0.9935333264265758
6,0.11466719342325694,0.9959178948995641
7,0.09626663016852244,0.9971228841115272
8,0.0805175616525646,0.9979872629303551
9,0.06868188040873152,0.9985354973215468
10,0.058154048148768615,0.9989500570066158
