revshare_group__ADD ONS,revshare_group__ADD SYRUP,revshare_group__BEANS,revshare_group__BLACK COFFEE,revshare_group__BLENDED BRINKS,revshare_group__CINNAMONS,revshare_group__COFFEE PASTRY,revshare_group__COMBO TOPPINGS,revshare_group__COOKIES,revshare_group__CROISSANT,revshare_group__DONUTS,revshare_group__FRENCH PASTRY,revshare_group__FROZEN YOGHURT,revshare_group__FRUITS,revshare_group__HEALTHY SECTION,revshare_group__ICE TEA,revshare_group__LUXURY TOPPINGS,revshare_group__MIXED COLD BEVERAGES,revshare_group__MIXED HOT BEVERAGE,revshare_group__NOT USED,revshare_group__OFFER,revshare_group__PACKAGED DESSERT,revshare_group__PACKAGED FOOD,revshare_group__PACKAGING,revshare_group__PIZZA,revshare_group__PLAT DU JOUR,revshare_group__POP UP BEVERAGE,revshare_group__REPLACE,revshare_group__SALADS,revshare_group__SALADS BAR,revshare_group__SOFT DRINKS,revshare_group__SPECIALTY YOGHURT,revshare_group__SUB SANDWICHES,revshare_group__TEA,revshare_group__TOPPINGS,revshare_group__WRAP
0.005789412577154427,0.07445853081281317,0.002286885268132828,0.13956514345002327,0.3607787909846565,0.11762149330955497,0.11002495072418225,0.0,0.02315965274829367,0.056357003191903524,0.011711100495635283,0.051541289464586075,0.9223647537623637,0.007538040314058264,0.002735608799528088,0.01599339359166195,0.04873564658868636,0.5459612356854621,0.3511507942014019,0.039023386900584156,0.00047178446661030855,0.0,0.015476593781492838,0.0,0.0005629272720127964,0.0015567759035417493,0.0,0.04050940923076838,0.013975176932071369,0.013980040390246558,0.10386065170517061,0.0007090403341840438,0.13947224531862837,0.023233936132598377,0.027153683102132738,0.00033896750756442205
0.0035758944484881763,0.03772904344527534,0.0013417350173312486,0.24021622304309856,0.2098966925204926,0.047794310951746154,0.11377406133349557,0.0,0.013915497011660031,0.03031288743955378,0.0,0.050823757491776284,0.1450755974812234,0.003777131978778951,0.0021677920900349027,0.0083458490786848,0.00038613318133417596,0.24305191001531157,0.6231757543108114,0.0,0.00047496035011222715,0.03288192994891815,0.014024968247997354,0.0,0.0004440345330143357,0.008869136475188168,0.0,0.016542636178929624,0.011552416930006047,0.021757061805791553,0.14439352945232395,0.0,0.07337013739934878,0.022650678289235268,0.003077654659541247,0.0002673760651002534
